
<!DOCTYPE html>
<html lang="en" b:layoutsVersion='3' b:css='false'>

<head>
    <b:skin></b:skin>
    <meta charset="UTF-8" />
    <meta name="viewport" content="width=device-width, initial-scale=1.0" />
    <title>
        <data:view.title.escaped />
    </title>
    <b:include data='blog' name='all-head-content' />
    <style>
        /* <![CDATA[ */
        /*
1. Prevent padding and border from affecting element width. (https://github.com/mozdevs/cssremedy/issues/4)
2. Allow adding a border to an element by just adding a border-width. (https://github.com/tailwindcss/tailwindcss/pull/116)
2. [UnoCSS]: allow to override the default border color with css var `--un-default-border-color`
*/

*,
::before,
::after {
    box-sizing: border-box;
    /* 1 */
    border-width: 0;
    /* 2 */
    border-style: solid;
    /* 2 */
    border-color: var(--un-default-border-color, #e5e7eb);
    /* 2 */
}

::before,
::after {
    --un-content: '';
}

/*
1. Use a consistent sensible line-height in all browsers.
2. Prevent adjustments of font size after orientation changes in iOS.
3. Use a more readable tab size.
4. Use the user's configured `sans` font-family by default.
5. Use the user's configured `sans` font-feature-settings by default.
6. Use the user's configured `sans` font-variation-settings by default.
7. Disable tap highlights on iOS.
*/

html,
:host {
    line-height: 1.5;
    /* 1 */
    -webkit-text-size-adjust: 100%;
    /* 2 */
    -moz-tab-size: 4;
    /* 3 */
    tab-size: 4;
    /* 3 */
    font-family: ui-sans-serif, system-ui, sans-serif, "Apple Color Emoji", "Segoe UI Emoji", "Segoe UI Symbol", "Noto Color Emoji";
    /* 4 */
    font-feature-settings: normal;
    /* 5 */
    font-variation-settings: normal;
    /* 6 */
    -webkit-tap-highlight-color: transparent;
    /* 7 */
}

/*
1. Remove the margin in all browsers.
2. Inherit line-height from `html` so users can set them as a class directly on the `html` element.
*/

body {
    margin: 0;
    /* 1 */
    line-height: inherit;
    /* 2 */
}

/*
1. Add the correct height in Firefox.
2. Correct the inheritance of border color in Firefox. (https://bugzilla.mozilla.org/show_bug.cgi?id=190655)
3. Ensure horizontal rules are visible by default.
*/

hr {
    height: 0;
    /* 1 */
    color: inherit;
    /* 2 */
    border-top-width: 1px;
    /* 3 */
}

/*
Add the correct text decoration in Chrome, Edge, and Safari.
*/

abbr:where([title]) {
    text-decoration: underline dotted;
}

/*
Remove the default font size and weight for headings.
*/

h1,
h2,
h3,
h4,
h5,
h6 {
    font-size: inherit;
    font-weight: inherit;
}

/*
Reset links to optimize for opt-in styling instead of opt-out.
*/

a {
    color: inherit;
    text-decoration: inherit;
}

/*
Add the correct font weight in Edge and Safari.
*/

b,
strong {
    font-weight: bolder;
}

/*
1. Use the user's configured `mono` font-family by default.
2. Use the user's configured `mono` font-feature-settings by default.
3. Use the user's configured `mono` font-variation-settings by default.
4. Correct the odd `em` font sizing in all browsers.
*/

code,
kbd,
samp,
pre {
    font-family: ui-monospace, SFMono-Regular, Menlo, Monaco, Consolas, "Liberation Mono", "Courier New", monospace;
    /* 1 */
    font-feature-settings: normal;
    /* 2 */
    font-variation-settings: normal;
    /* 3 */
    font-size: 1em;
    /* 4 */
}

/*
Add the correct font size in all browsers.
*/

small {
    font-size: 80%;
}

/*
Prevent `sub` and `sup` elements from affecting the line height in all browsers.
*/

sub,
sup {
    font-size: 75%;
    line-height: 0;
    position: relative;
    vertical-align: baseline;
}

sub {
    bottom: -0.25em;
}

sup {
    top: -0.5em;
}

/*
1. Remove text indentation from table contents in Chrome and Safari. (https://bugs.chromium.org/p/chromium/issues/detail?id=999088, https://bugs.webkit.org/show_bug.cgi?id=201297)
2. Correct table border color inheritance in all Chrome and Safari. (https://bugs.chromium.org/p/chromium/issues/detail?id=935729, https://bugs.webkit.org/show_bug.cgi?id=195016)
3. Remove gaps between table borders by default.
*/

table {
    text-indent: 0;
    /* 1 */
    border-color: inherit;
    /* 2 */
    border-collapse: collapse;
    /* 3 */
}

/*
1. Change the font styles in all browsers.
2. Remove the margin in Firefox and Safari.
3. Remove default padding in all browsers.
*/

button,
input,
optgroup,
select,
textarea {
    font-family: inherit;
    /* 1 */
    font-feature-settings: inherit;
    /* 1 */
    font-variation-settings: inherit;
    /* 1 */
    font-size: 100%;
    /* 1 */
    font-weight: inherit;
    /* 1 */
    line-height: inherit;
    /* 1 */
    color: inherit;
    /* 1 */
    margin: 0;
    /* 2 */
    padding: 0;
    /* 3 */
}

/*
Remove the inheritance of text transform in Edge and Firefox.
*/

button,
select {
    text-transform: none;
}

/*
1. Correct the inability to style clickable types in iOS and Safari.
2. Remove default button styles.
*/

button,
[type='button'],
[type='reset'],
[type='submit'] {
    -webkit-appearance: button;
    /* 1 */
    background-color: transparent;
    /* 2 */
    background-image: none;
    /* 2 */
}

/*
Use the modern Firefox focus style for all focusable elements.
*/

:-moz-focusring {
    outline: auto;
}

/*
Remove the additional `:invalid` styles in Firefox. (https://github.com/mozilla/gecko-dev/blob/2f9eacd9d3d995c937b4251a5557d95d494c9be1/layout/style/res/forms.css#L728-L737)
*/

:-moz-ui-invalid {
    box-shadow: none;
}

/*
Add the correct vertical alignment in Chrome and Firefox.
*/

progress {
    vertical-align: baseline;
}

/*
Correct the cursor style of increment and decrement buttons in Safari.
*/

::-webkit-inner-spin-button,
::-webkit-outer-spin-button {
    height: auto;
}

/*
1. Correct the odd appearance in Chrome and Safari.
2. Correct the outline style in Safari.
*/

[type='search'] {
    -webkit-appearance: textfield;
    /* 1 */
    outline-offset: -2px;
    /* 2 */
}

/*
Remove the inner padding in Chrome and Safari on macOS.
*/

::-webkit-search-decoration {
    -webkit-appearance: none;
}

/*
1. Correct the inability to style clickable types in iOS and Safari.
2. Change font properties to `inherit` in Safari.
*/

::-webkit-file-upload-button {
    -webkit-appearance: button;
    /* 1 */
    font: inherit;
    /* 2 */
}

/*
Add the correct display in Chrome and Safari.
*/

summary {
    display: list-item;
}

/*
Removes the default spacing for appropriate elements.
*/

blockquote,
dl,
dd,
h1,
h2,
h3,
h4,
h5,
h6,
hr,
figure,
p,
pre {
    margin: 0;
}

fieldset {
    margin: 0;
    padding: 0;
}

legend {
    padding: 0;
}

ol,
ul,
menu {
    list-style: none;
    margin: 0;
    padding: 0;
}

dialog {
    padding: 0;
}

/*
Prevent resizing textareas horizontally by default.
*/

textarea {
    resize: vertical;
}

/*
1. Reset the default placeholder opacity in Firefox. (https://github.com/tailwindlabs/tailwindcss/issues/3300)
2. Set the default placeholder color to the user's configured gray 400 color.
*/

input::placeholder,
textarea::placeholder {
    opacity: 1;
    /* 1 */
    color: #9ca3af;
    /* 2 */
}

/*
Set the default cursor for buttons.
*/

button,
[role="button"] {
    cursor: pointer;
}

/*
Make sure disabled buttons don't get the pointer cursor.
*/

:disabled {
    cursor: default;
}

/*
1. Make replaced elements `display: block` by default. (https://github.com/mozdevs/cssremedy/issues/14)
2. Add `vertical-align: middle` to align replaced elements more sensibly by default. (https://github.com/jensimmons/cssremedy/issues/14#issuecomment-634934210)
   This can trigger a poorly considered lint error in some tools but is included by design.
*/

img,
svg,
video,
canvas,
audio,
iframe,
embed,
object {
    display: block;
    /* 1 */
    vertical-align: middle;
    /* 2 */
}

/*
Constrain images and videos to the parent width and preserve their intrinsic aspect ratio. (https://github.com/mozdevs/cssremedy/issues/14)
*/

img,
video {
    max-width: 100%;
    height: auto;
}

/*
Make elements with the HTML hidden attribute stay hidden by default.
*/

[hidden] {
    display: none;
}        /* layer: preflights */
*,::before,::after{--un-rotate:0;--un-rotate-x:0;--un-rotate-y:0;--un-rotate-z:0;--un-scale-x:1;--un-scale-y:1;--un-scale-z:1;--un-skew-x:0;--un-skew-y:0;--un-translate-x:0;--un-translate-y:0;--un-translate-z:0;--un-pan-x: ;--un-pan-y: ;--un-pinch-zoom: ;--un-scroll-snap-strictness:proximity;--un-ordinal: ;--un-slashed-zero: ;--un-numeric-figure: ;--un-numeric-spacing: ;--un-numeric-fraction: ;--un-border-spacing-x:0;--un-border-spacing-y:0;--un-ring-offset-shadow:0 0 rgb(0 0 0 / 0);--un-ring-shadow:0 0 rgb(0 0 0 / 0);--un-shadow-inset: ;--un-shadow:0 0 rgb(0 0 0 / 0);--un-ring-inset: ;--un-ring-offset-width:0px;--un-ring-offset-color:#fff;--un-ring-width:0px;--un-ring-color:rgb(147 197 253 / 0.5);--un-blur: ;--un-brightness: ;--un-contrast: ;--un-drop-shadow: ;--un-grayscale: ;--un-hue-rotate: ;--un-invert: ;--un-saturate: ;--un-sepia: ;--un-backdrop-blur: ;--un-backdrop-brightness: ;--un-backdrop-contrast: ;--un-backdrop-grayscale: ;--un-backdrop-hue-rotate: ;--un-backdrop-invert: ;--un-backdrop-opacity: ;--un-backdrop-saturate: ;--un-backdrop-sepia: ;}::backdrop{--un-rotate:0;--un-rotate-x:0;--un-rotate-y:0;--un-rotate-z:0;--un-scale-x:1;--un-scale-y:1;--un-scale-z:1;--un-skew-x:0;--un-skew-y:0;--un-translate-x:0;--un-translate-y:0;--un-translate-z:0;--un-pan-x: ;--un-pan-y: ;--un-pinch-zoom: ;--un-scroll-snap-strictness:proximity;--un-ordinal: ;--un-slashed-zero: ;--un-numeric-figure: ;--un-numeric-spacing: ;--un-numeric-fraction: ;--un-border-spacing-x:0;--un-border-spacing-y:0;--un-ring-offset-shadow:0 0 rgb(0 0 0 / 0);--un-ring-shadow:0 0 rgb(0 0 0 / 0);--un-shadow-inset: ;--un-shadow:0 0 rgb(0 0 0 / 0);--un-ring-inset: ;--un-ring-offset-width:0px;--un-ring-offset-color:#fff;--un-ring-width:0px;--un-ring-color:rgb(147 197 253 / 0.5);--un-blur: ;--un-brightness: ;--un-contrast: ;--un-drop-shadow: ;--un-grayscale: ;--un-hue-rotate: ;--un-invert: ;--un-saturate: ;--un-sepia: ;--un-backdrop-blur: ;--un-backdrop-brightness: ;--un-backdrop-contrast: ;--un-backdrop-grayscale: ;--un-backdrop-hue-rotate: ;--un-backdrop-invert: ;--un-backdrop-opacity: ;--un-backdrop-saturate: ;--un-backdrop-sepia: ;}
/* layer: default */
.sticky{position:sticky;}
.last\:sticky:last-child{position:sticky;}
.top-0{top:0;}
.top-20{top:5rem;}
.last\:top-20:last-child{top:5rem;}
.z-1000{z-index:1000;}
.grid{display:grid;}
.col-span-1{grid-column:span 1/span 1;}
.col-span-4{grid-column:span 4/span 4;}
.grid-cols-4{grid-template-columns:repeat(4,minmax(0,1fr));}
.mx-auto{margin-left:auto;margin-right:auto;}
.mb-3{margin-bottom:0.75rem;}
.last\:mb-0:last-child{margin-bottom:0;}
.block{display:block;}
.inline-block{display:inline-block;}
.hidden{display:none;}
.\[\&_img\]\:\!w-auto img{width:auto !important;}
.\[\&_img\]\:w-full img,
.w-full{width:100%;}
.min-h-screen{min-height:100vh;}
.flex{display:flex;}
.items-center{align-items:center;}
.justify-between{justify-content:space-between;}
.gap-3{gap:0.75rem;}
.overflow-hidden{overflow:hidden;}
.border{border-width:1px;}
.border-b{border-bottom-width:1px;}
.rounded{border-radius:0.25rem;}
.last\:border-b-none:last-child{border-bottom-style:none;}
.bg-black{--un-bg-opacity:1;background-color:rgb(0 0 0 / var(--un-bg-opacity));}
.bg-gray-200{--un-bg-opacity:1;background-color:rgb(229 231 235 / var(--un-bg-opacity));}
.bg-white{--un-bg-opacity:1;background-color:rgb(255 255 255 / var(--un-bg-opacity));}
.p-1{padding:0.25rem;}
.p-2{padding:0.5rem;}
.p-3{padding:0.75rem;}
.\[\&\>\*\:not\(\.separator\)\]\:px-3>*:not(.separator),
.px-3{padding-left:0.75rem;padding-right:0.75rem;}
.px-\[5\%\]{padding-left:5%;padding-right:5%;}
.px-2{padding-left:0.5rem;padding-right:0.5rem;}
.py-2{padding-top:0.5rem;padding-bottom:0.5rem;}
.py-5{padding-top:1.25rem;padding-bottom:1.25rem;}
.\[\&\>\*\:not\(\.separator\)\]\:pb-3>*:not(.separator){padding-bottom:0.75rem;}
.pb-4{padding-bottom:1rem;}
.pt-3{padding-top:0.75rem;}
.pt-8{padding-top:2rem;}
.text-lg{font-size:1.125rem;line-height:1.75rem;}
.text-sm{font-size:0.875rem;line-height:1.25rem;}
.font-bold{font-weight:700;}
.text-red-500{--un-text-opacity:1;color:rgb(239 68 68 / var(--un-text-opacity));}
.text-white{--un-text-opacity:1;color:rgb(255 255 255 / var(--un-text-opacity));}
.shadow{--un-shadow:var(--un-shadow-inset) 0 1px 3px 0 var(--un-shadow-color, rgb(0 0 0 / 0.1)),var(--un-shadow-inset) 0 1px 2px -1px var(--un-shadow-color, rgb(0 0 0 / 0.1));box-shadow:var(--un-ring-offset-shadow), var(--un-ring-shadow), var(--un-shadow);}
.focus\:outline-none:focus{outline:2px solid transparent;outline-offset:2px;}
@media (min-width: 640px){
.sm\:col-span-2{grid-column:span 2/span 2;}
.sm\:block{display:block;}
.sm\:px-\[10\%\]{padding-left:10%;padding-right:10%;}
}
        /* ]]> */
    </style>
    <b:template-skin>
        #layout .hidden {
        display: block;
        }
    </b:template-skin>
    <script>
    // <![CDATA[
        (function(e,t){if(typeof define==="function"&&define.amd){define([],t)}else if(typeof module==="object"&&module.exports){module.exports=t()}else{e.htmx=e.htmx||t()}})(typeof self!=="undefined"?self:this,function(){return function(){"use strict";var Q={onLoad:t,process:Bt,on:Z,off:K,trigger:ce,ajax:Or,find:C,findAll:f,closest:v,values:function(e,t){var r=ur(e,t||"post");return r.values},remove:B,addClass:F,removeClass:n,toggleClass:V,takeClass:j,defineExtension:kr,removeExtension:Pr,logAll:X,logNone:U,logger:null,config:{historyEnabled:true,historyCacheSize:10,refreshOnHistoryMiss:false,defaultSwapStyle:"innerHTML",defaultSwapDelay:0,defaultSettleDelay:20,includeIndicatorStyles:true,indicatorClass:"htmx-indicator",requestClass:"htmx-request",addedClass:"htmx-added",settlingClass:"htmx-settling",swappingClass:"htmx-swapping",allowEval:true,allowScriptTags:true,inlineScriptNonce:"",attributesToSettle:["class","style","width","height"],withCredentials:false,timeout:0,wsReconnectDelay:"full-jitter",wsBinaryType:"blob",disableSelector:"[hx-disable], [data-hx-disable]",useTemplateFragments:false,scrollBehavior:"smooth",defaultFocusScroll:false,getCacheBusterParam:false,globalViewTransitions:false,methodsThatUseUrlParams:["get"],selfRequestsOnly:false,ignoreTitle:false,scrollIntoViewOnBoost:true},parseInterval:d,_:e,createEventSource:function(e){return new EventSource(e,{withCredentials:true})},createWebSocket:function(e){var t=new WebSocket(e,[]);t.binaryType=Q.config.wsBinaryType;return t},version:"1.9.9"};var r={addTriggerHandler:Tt,bodyContains:se,canAccessLocalStorage:M,findThisElement:de,filterValues:dr,hasAttribute:o,getAttributeValue:te,getClosestAttributeValue:ne,getClosestMatch:c,getExpressionVars:Cr,getHeaders:vr,getInputValues:ur,getInternalData:ae,getSwapSpecification:mr,getTriggerSpecs:Qe,getTarget:ge,makeFragment:l,mergeObjects:le,makeSettleInfo:R,oobSwap:xe,querySelectorExt:ue,selectAndSwap:Ue,settleImmediately:Yt,shouldCancel:it,triggerEvent:ce,triggerErrorEvent:fe,withExtensions:T};var b=["get","post","put","delete","patch"];var w=b.map(function(e){return"[hx-"+e+"], [data-hx-"+e+"]"}).join(", ");function d(e){if(e==undefined){return undefined}if(e.slice(-2)=="ms"){return parseFloat(e.slice(0,-2))||undefined}if(e.slice(-1)=="s"){return parseFloat(e.slice(0,-1))*1e3||undefined}if(e.slice(-1)=="m"){return parseFloat(e.slice(0,-1))*1e3*60||undefined}return parseFloat(e)||undefined}function ee(e,t){return e.getAttribute&&e.getAttribute(t)}function o(e,t){return e.hasAttribute&&(e.hasAttribute(t)||e.hasAttribute("data-"+t))}function te(e,t){return ee(e,t)||ee(e,"data-"+t)}function u(e){return e.parentElement}function re(){return document}function c(e,t){while(e&&!t(e)){e=u(e)}return e?e:null}function S(e,t,r){var n=te(t,r);var i=te(t,"hx-disinherit");if(e!==t&&i&&(i==="*"||i.split(" ").indexOf(r)>=0)){return"unset"}else{return n}}function ne(t,r){var n=null;c(t,function(e){return n=S(t,e,r)});if(n!=="unset"){return n}}function h(e,t){var r=e.matches||e.matchesSelector||e.msMatchesSelector||e.mozMatchesSelector||e.webkitMatchesSelector||e.oMatchesSelector;return r&&r.call(e,t)}function q(e){var t=/<([a-z][^\/\0>\x20\t\r\n\f]*)/i;var r=t.exec(e);if(r){return r[1].toLowerCase()}else{return""}}function i(e,t){var r=new DOMParser;var n=r.parseFromString(e,"text/html");var i=n.body;while(t>0){t--;i=i.firstChild}if(i==null){i=re().createDocumentFragment()}return i}function H(e){return e.match(/<body/)}function l(e){var t=!H(e);if(Q.config.useTemplateFragments&&t){var r=i("<body><template>"+e+"</template></body>",0);return r.querySelector("template").content}else{var n=q(e);switch(n){case"thead":case"tbody":case"tfoot":case"colgroup":case"caption":return i("<table>"+e+"</table>",1);case"col":return i("<table><colgroup>"+e+"</colgroup></table>",2);case"tr":return i("<table><tbody>"+e+"</tbody></table>",2);case"td":case"th":return i("<table><tbody><tr>"+e+"</tr></tbody></table>",3);case"script":case"style":return i("<div>"+e+"</div>",1);default:return i(e,0)}}}function ie(e){if(e){e()}}function L(e,t){return Object.prototype.toString.call(e)==="[object "+t+"]"}function A(e){return L(e,"Function")}function N(e){return L(e,"Object")}function ae(e){var t="htmx-internal-data";var r=e[t];if(!r){r=e[t]={}}return r}function I(e){var t=[];if(e){for(var r=0;r<e.length;r++){t.push(e[r])}}return t}function oe(e,t){if(e){for(var r=0;r<e.length;r++){t(e[r])}}}function k(e){var t=e.getBoundingClientRect();var r=t.top;var n=t.bottom;return r<window.innerHeight&&n>=0}function se(e){if(e.getRootNode&&e.getRootNode()instanceof window.ShadowRoot){return re().body.contains(e.getRootNode().host)}else{return re().body.contains(e)}}function P(e){return e.trim().split(/\s+/)}function le(e,t){for(var r in t){if(t.hasOwnProperty(r)){e[r]=t[r]}}return e}function E(e){try{return JSON.parse(e)}catch(e){x(e);return null}}function M(){var e="htmx:localStorageTest";try{localStorage.setItem(e,e);localStorage.removeItem(e);return true}catch(e){return false}}function D(t){try{var e=new URL(t);if(e){t=e.pathname+e.search}if(!t.match("^/$")){t=t.replace(/\/+$/,"")}return t}catch(e){return t}}function e(e){return wr(re().body,function(){return eval(e)})}function t(t){var e=Q.on("htmx:load",function(e){t(e.detail.elt)});return e}function X(){Q.logger=function(e,t,r){if(console){console.log(t,e,r)}}}function U(){Q.logger=null}function C(e,t){if(t){return e.querySelector(t)}else{return C(re(),e)}}function f(e,t){if(t){return e.querySelectorAll(t)}else{return f(re(),e)}}function B(e,t){e=s(e);if(t){setTimeout(function(){B(e);e=null},t)}else{e.parentElement.removeChild(e)}}function F(e,t,r){e=s(e);if(r){setTimeout(function(){F(e,t);e=null},r)}else{e.classList&&e.classList.add(t)}}function n(e,t,r){e=s(e);if(r){setTimeout(function(){n(e,t);e=null},r)}else{if(e.classList){e.classList.remove(t);if(e.classList.length===0){e.removeAttribute("class")}}}}function V(e,t){e=s(e);e.classList.toggle(t)}function j(e,t){e=s(e);oe(e.parentElement.children,function(e){n(e,t)});F(e,t)}function v(e,t){e=s(e);if(e.closest){return e.closest(t)}else{do{if(e==null||h(e,t)){return e}}while(e=e&&u(e));return null}}function g(e,t){return e.substring(0,t.length)===t}function _(e,t){return e.substring(e.length-t.length)===t}function z(e){var t=e.trim();if(g(t,"<")&&_(t,"/>")){return t.substring(1,t.length-2)}else{return t}}function W(e,t){if(t.indexOf("closest ")===0){return[v(e,z(t.substr(8)))]}else if(t.indexOf("find ")===0){return[C(e,z(t.substr(5)))]}else if(t==="next"){return[e.nextElementSibling]}else if(t.indexOf("next ")===0){return[$(e,z(t.substr(5)))]}else if(t==="previous"){return[e.previousElementSibling]}else if(t.indexOf("previous ")===0){return[G(e,z(t.substr(9)))]}else if(t==="document"){return[document]}else if(t==="window"){return[window]}else if(t==="body"){return[document.body]}else{return re().querySelectorAll(z(t))}}var $=function(e,t){var r=re().querySelectorAll(t);for(var n=0;n<r.length;n++){var i=r[n];if(i.compareDocumentPosition(e)===Node.DOCUMENT_POSITION_PRECEDING){return i}}};var G=function(e,t){var r=re().querySelectorAll(t);for(var n=r.length-1;n>=0;n--){var i=r[n];if(i.compareDocumentPosition(e)===Node.DOCUMENT_POSITION_FOLLOWING){return i}}};function ue(e,t){if(t){return W(e,t)[0]}else{return W(re().body,e)[0]}}function s(e){if(L(e,"String")){return C(e)}else{return e}}function J(e,t,r){if(A(t)){return{target:re().body,event:e,listener:t}}else{return{target:s(e),event:t,listener:r}}}function Z(t,r,n){Dr(function(){var e=J(t,r,n);e.target.addEventListener(e.event,e.listener)});var e=A(r);return e?r:n}function K(t,r,n){Dr(function(){var e=J(t,r,n);e.target.removeEventListener(e.event,e.listener)});return A(r)?r:n}var ve=re().createElement("output");function Y(e,t){var r=ne(e,t);if(r){if(r==="this"){return[de(e,t)]}else{var n=W(e,r);if(n.length===0){x('The selector "'+r+'" on '+t+" returned no matches!");return[ve]}else{return n}}}}function de(e,t){return c(e,function(e){return te(e,t)!=null})}function ge(e){var t=ne(e,"hx-target");if(t){if(t==="this"){return de(e,"hx-target")}else{return ue(e,t)}}else{var r=ae(e);if(r.boosted){return re().body}else{return e}}}function me(e){var t=Q.config.attributesToSettle;for(var r=0;r<t.length;r++){if(e===t[r]){return true}}return false}function pe(t,r){oe(t.attributes,function(e){if(!r.hasAttribute(e.name)&&me(e.name)){t.removeAttribute(e.name)}});oe(r.attributes,function(e){if(me(e.name)){t.setAttribute(e.name,e.value)}})}function ye(e,t){var r=Mr(t);for(var n=0;n<r.length;n++){var i=r[n];try{if(i.isInlineSwap(e)){return true}}catch(e){x(e)}}return e==="outerHTML"}function xe(e,i,a){var t="#"+ee(i,"id");var o="outerHTML";if(e==="true"){}else if(e.indexOf(":")>0){o=e.substr(0,e.indexOf(":"));t=e.substr(e.indexOf(":")+1,e.length)}else{o=e}var r=re().querySelectorAll(t);if(r){oe(r,function(e){var t;var r=i.cloneNode(true);t=re().createDocumentFragment();t.appendChild(r);if(!ye(o,e)){t=r}var n={shouldSwap:true,target:e,fragment:t};if(!ce(e,"htmx:oobBeforeSwap",n))return;e=n.target;if(n["shouldSwap"]){De(o,e,e,t,a)}oe(a.elts,function(e){ce(e,"htmx:oobAfterSwap",n)})});i.parentNode.removeChild(i)}else{i.parentNode.removeChild(i);fe(re().body,"htmx:oobErrorNoTarget",{content:i})}return e}function be(e,t,r){var n=ne(e,"hx-select-oob");if(n){var i=n.split(",");for(let e=0;e<i.length;e++){var a=i[e].split(":",2);var o=a[0].trim();if(o.indexOf("#")===0){o=o.substring(1)}var s=a[1]||"true";var l=t.querySelector("#"+o);if(l){xe(s,l,r)}}}oe(f(t,"[hx-swap-oob], [data-hx-swap-oob]"),function(e){var t=te(e,"hx-swap-oob");if(t!=null){xe(t,e,r)}})}function we(e){oe(f(e,"[hx-preserve], [data-hx-preserve]"),function(e){var t=te(e,"id");var r=re().getElementById(t);if(r!=null){e.parentNode.replaceChild(r,e)}})}function Se(o,e,s){oe(e.querySelectorAll("[id]"),function(e){var t=ee(e,"id");if(t&&t.length>0){var r=t.replace("'","\\'");var n=e.tagName.replace(":","\\:");var i=o.querySelector(n+"[id='"+r+"']");if(i&&i!==o){var a=e.cloneNode();pe(e,i);s.tasks.push(function(){pe(e,a)})}}})}function Ee(e){return function(){n(e,Q.config.addedClass);Bt(e);Ot(e);Ce(e);ce(e,"htmx:load")}}function Ce(e){var t="[autofocus]";var r=h(e,t)?e:e.querySelector(t);if(r!=null){r.focus()}}function a(e,t,r,n){Se(e,r,n);while(r.childNodes.length>0){var i=r.firstChild;F(i,Q.config.addedClass);e.insertBefore(i,t);if(i.nodeType!==Node.TEXT_NODE&&i.nodeType!==Node.COMMENT_NODE){n.tasks.push(Ee(i))}}}function Te(e,t){var r=0;while(r<e.length){t=(t<<5)-t+e.charCodeAt(r++)|0}return t}function Re(e){var t=0;if(e.attributes){for(var r=0;r<e.attributes.length;r++){var n=e.attributes[r];if(n.value){t=Te(n.name,t);t=Te(n.value,t)}}}return t}function Oe(t){var r=ae(t);if(r.onHandlers){for(let e=0;e<r.onHandlers.length;e++){const n=r.onHandlers[e];t.removeEventListener(n.event,n.listener)}delete r.onHandlers}}function qe(e){var t=ae(e);if(t.timeout){clearTimeout(t.timeout)}if(t.webSocket){t.webSocket.close()}if(t.sseEventSource){t.sseEventSource.close()}if(t.listenerInfos){oe(t.listenerInfos,function(e){if(e.on){e.on.removeEventListener(e.trigger,e.listener)}})}if(t.initHash){t.initHash=null}Oe(e)}function m(e){ce(e,"htmx:beforeCleanupElement");qe(e);if(e.children){oe(e.children,function(e){m(e)})}}function He(t,e,r){if(t.tagName==="BODY"){return Pe(t,e,r)}else{var n;var i=t.previousSibling;a(u(t),t,e,r);if(i==null){n=u(t).firstChild}else{n=i.nextSibling}ae(t).replacedWith=n;r.elts=r.elts.filter(function(e){return e!=t});while(n&&n!==t){if(n.nodeType===Node.ELEMENT_NODE){r.elts.push(n)}n=n.nextElementSibling}m(t);u(t).removeChild(t)}}function Le(e,t,r){return a(e,e.firstChild,t,r)}function Ae(e,t,r){return a(u(e),e,t,r)}function Ne(e,t,r){return a(e,null,t,r)}function Ie(e,t,r){return a(u(e),e.nextSibling,t,r)}function ke(e,t,r){m(e);return u(e).removeChild(e)}function Pe(e,t,r){var n=e.firstChild;a(e,n,t,r);if(n){while(n.nextSibling){m(n.nextSibling);e.removeChild(n.nextSibling)}m(n);e.removeChild(n)}}function Me(e,t,r){var n=r||ne(e,"hx-select");if(n){var i=re().createDocumentFragment();oe(t.querySelectorAll(n),function(e){i.appendChild(e)});t=i}return t}function De(e,t,r,n,i){switch(e){case"none":return;case"outerHTML":He(r,n,i);return;case"afterbegin":Le(r,n,i);return;case"beforebegin":Ae(r,n,i);return;case"beforeend":Ne(r,n,i);return;case"afterend":Ie(r,n,i);return;case"delete":ke(r,n,i);return;default:var a=Mr(t);for(var o=0;o<a.length;o++){var s=a[o];try{var l=s.handleSwap(e,r,n,i);if(l){if(typeof l.length!=="undefined"){for(var u=0;u<l.length;u++){var f=l[u];if(f.nodeType!==Node.TEXT_NODE&&f.nodeType!==Node.COMMENT_NODE){i.tasks.push(Ee(f))}}}return}}catch(e){x(e)}}if(e==="innerHTML"){Pe(r,n,i)}else{De(Q.config.defaultSwapStyle,t,r,n,i)}}}function Xe(e){if(e.indexOf("<title")>-1){var t=e.replace(/<svg(\s[^>]*>|>)([\s\S]*?)<\/svg>/gim,"");var r=t.match(/<title(\s[^>]*>|>)([\s\S]*?)<\/title>/im);if(r){return r[2]}}}function Ue(e,t,r,n,i,a){i.title=Xe(n);var o=l(n);if(o){be(r,o,i);o=Me(r,o,a);we(o);return De(e,r,t,o,i)}}function Be(e,t,r){var n=e.getResponseHeader(t);if(n.indexOf("{")===0){var i=E(n);for(var a in i){if(i.hasOwnProperty(a)){var o=i[a];if(!N(o)){o={value:o}}ce(r,a,o)}}}else{var s=n.split(",");for(var l=0;l<s.length;l++){ce(r,s[l].trim(),[])}}}var Fe=/\s/;var p=/[\s,]/;var Ve=/[_$a-zA-Z]/;var je=/[_$a-zA-Z0-9]/;var _e=['"',"'","/"];var ze=/[^\s]/;var We=/[{(]/;var $e=/[})]/;function Ge(e){var t=[];var r=0;while(r<e.length){if(Ve.exec(e.charAt(r))){var n=r;while(je.exec(e.charAt(r+1))){r++}t.push(e.substr(n,r-n+1))}else if(_e.indexOf(e.charAt(r))!==-1){var i=e.charAt(r);var n=r;r++;while(r<e.length&&e.charAt(r)!==i){if(e.charAt(r)==="\\"){r++}r++}t.push(e.substr(n,r-n+1))}else{var a=e.charAt(r);t.push(a)}r++}return t}function Je(e,t,r){return Ve.exec(e.charAt(0))&&e!=="true"&&e!=="false"&&e!=="this"&&e!==r&&t!=="."}function Ze(e,t,r){if(t[0]==="["){t.shift();var n=1;var i=" return (function("+r+"){ return (";var a=null;while(t.length>0){var o=t[0];if(o==="]"){n--;if(n===0){if(a===null){i=i+"true"}t.shift();i+=")})";try{var s=wr(e,function(){return Function(i)()},function(){return true});s.source=i;return s}catch(e){fe(re().body,"htmx:syntax:error",{error:e,source:i});return null}}}else if(o==="["){n++}if(Je(o,a,r)){i+="(("+r+"."+o+") ? ("+r+"."+o+") : (window."+o+"))"}else{i=i+o}a=t.shift()}}}function y(e,t){var r="";while(e.length>0&&!e[0].match(t)){r+=e.shift()}return r}function Ke(e){var t;if(e.length>0&&We.test(e[0])){e.shift();t=y(e,$e).trim();e.shift()}else{t=y(e,p)}return t}var Ye="input, textarea, select";function Qe(e){var t=te(e,"hx-trigger");var r=[];if(t){var n=Ge(t);do{y(n,ze);var i=n.length;var a=y(n,/[,\[\s]/);if(a!==""){if(a==="every"){var o={trigger:"every"};y(n,ze);o.pollInterval=d(y(n,/[,\[\s]/));y(n,ze);var s=Ze(e,n,"event");if(s){o.eventFilter=s}r.push(o)}else if(a.indexOf("sse:")===0){r.push({trigger:"sse",sseEvent:a.substr(4)})}else{var l={trigger:a};var s=Ze(e,n,"event");if(s){l.eventFilter=s}while(n.length>0&&n[0]!==","){y(n,ze);var u=n.shift();if(u==="changed"){l.changed=true}else if(u==="once"){l.once=true}else if(u==="consume"){l.consume=true}else if(u==="delay"&&n[0]===":"){n.shift();l.delay=d(y(n,p))}else if(u==="from"&&n[0]===":"){n.shift();if(We.test(n[0])){var f=Ke(n)}else{var f=y(n,p);if(f==="closest"||f==="find"||f==="next"||f==="previous"){n.shift();var c=Ke(n);if(c.length>0){f+=" "+c}}}l.from=f}else if(u==="target"&&n[0]===":"){n.shift();l.target=Ke(n)}else if(u==="throttle"&&n[0]===":"){n.shift();l.throttle=d(y(n,p))}else if(u==="queue"&&n[0]===":"){n.shift();l.queue=y(n,p)}else if(u==="root"&&n[0]===":"){n.shift();l[u]=Ke(n)}else if(u==="threshold"&&n[0]===":"){n.shift();l[u]=y(n,p)}else{fe(e,"htmx:syntax:error",{token:n.shift()})}}r.push(l)}}if(n.length===i){fe(e,"htmx:syntax:error",{token:n.shift()})}y(n,ze)}while(n[0]===","&&n.shift())}if(r.length>0){return r}else if(h(e,"form")){return[{trigger:"submit"}]}else if(h(e,'input[type="button"], input[type="submit"]')){return[{trigger:"click"}]}else if(h(e,Ye)){return[{trigger:"change"}]}else{return[{trigger:"click"}]}}function et(e){ae(e).cancelled=true}function tt(e,t,r){var n=ae(e);n.timeout=setTimeout(function(){if(se(e)&&n.cancelled!==true){if(!ot(r,e,Vt("hx:poll:trigger",{triggerSpec:r,target:e}))){t(e)}tt(e,t,r)}},r.pollInterval)}function rt(e){return location.hostname===e.hostname&&ee(e,"href")&&ee(e,"href").indexOf("#")!==0}function nt(t,r,e){if(t.tagName==="A"&&rt(t)&&(t.target===""||t.target==="_self")||t.tagName==="FORM"){r.boosted=true;var n,i;if(t.tagName==="A"){n="get";i=ee(t,"href")}else{var a=ee(t,"method");n=a?a.toLowerCase():"get";if(n==="get"){}i=ee(t,"action")}e.forEach(function(e){st(t,function(e,t){if(v(e,Q.config.disableSelector)){m(e);return}he(n,i,e,t)},r,e,true)})}}function it(e,t){if(e.type==="submit"||e.type==="click"){if(t.tagName==="FORM"){return true}if(h(t,'input[type="submit"], button')&&v(t,"form")!==null){return true}if(t.tagName==="A"&&t.href&&(t.getAttribute("href")==="#"||t.getAttribute("href").indexOf("#")!==0)){return true}}return false}function at(e,t){return ae(e).boosted&&e.tagName==="A"&&t.type==="click"&&(t.ctrlKey||t.metaKey)}function ot(e,t,r){var n=e.eventFilter;if(n){try{return n.call(t,r)!==true}catch(e){fe(re().body,"htmx:eventFilter:error",{error:e,source:n.source});return true}}return false}function st(a,o,e,s,l){var u=ae(a);var t;if(s.from){t=W(a,s.from)}else{t=[a]}if(s.changed){t.forEach(function(e){var t=ae(e);t.lastValue=e.value})}oe(t,function(n){var i=function(e){if(!se(a)){n.removeEventListener(s.trigger,i);return}if(at(a,e)){return}if(l||it(e,a)){e.preventDefault()}if(ot(s,a,e)){return}var t=ae(e);t.triggerSpec=s;if(t.handledFor==null){t.handledFor=[]}if(t.handledFor.indexOf(a)<0){t.handledFor.push(a);if(s.consume){e.stopPropagation()}if(s.target&&e.target){if(!h(e.target,s.target)){return}}if(s.once){if(u.triggeredOnce){return}else{u.triggeredOnce=true}}if(s.changed){var r=ae(n);if(r.lastValue===n.value){return}r.lastValue=n.value}if(u.delayed){clearTimeout(u.delayed)}if(u.throttle){return}if(s.throttle){if(!u.throttle){o(a,e);u.throttle=setTimeout(function(){u.throttle=null},s.throttle)}}else if(s.delay){u.delayed=setTimeout(function(){o(a,e)},s.delay)}else{ce(a,"htmx:trigger");o(a,e)}}};if(e.listenerInfos==null){e.listenerInfos=[]}e.listenerInfos.push({trigger:s.trigger,listener:i,on:n});n.addEventListener(s.trigger,i)})}var lt=false;var ut=null;function ft(){if(!ut){ut=function(){lt=true};window.addEventListener("scroll",ut);setInterval(function(){if(lt){lt=false;oe(re().querySelectorAll("[hx-trigger='revealed'],[data-hx-trigger='revealed']"),function(e){ct(e)})}},200)}}function ct(t){if(!o(t,"data-hx-revealed")&&k(t)){t.setAttribute("data-hx-revealed","true");var e=ae(t);if(e.initHash){ce(t,"revealed")}else{t.addEventListener("htmx:afterProcessNode",function(e){ce(t,"revealed")},{once:true})}}}function ht(e,t,r){var n=P(r);for(var i=0;i<n.length;i++){var a=n[i].split(/:(.+)/);if(a[0]==="connect"){vt(e,a[1],0)}if(a[0]==="send"){gt(e)}}}function vt(s,r,n){if(!se(s)){return}if(r.indexOf("/")==0){var e=location.hostname+(location.port?":"+location.port:"");if(location.protocol=="https:"){r="wss://"+e+r}else if(location.protocol=="http:"){r="ws://"+e+r}}var t=Q.createWebSocket(r);t.onerror=function(e){fe(s,"htmx:wsError",{error:e,socket:t});dt(s)};t.onclose=function(e){if([1006,1012,1013].indexOf(e.code)>=0){var t=mt(n);setTimeout(function(){vt(s,r,n+1)},t)}};t.onopen=function(e){n=0};ae(s).webSocket=t;t.addEventListener("message",function(e){if(dt(s)){return}var t=e.data;T(s,function(e){t=e.transformResponse(t,null,s)});var r=R(s);var n=l(t);var i=I(n.children);for(var a=0;a<i.length;a++){var o=i[a];xe(te(o,"hx-swap-oob")||"true",o,r)}Yt(r.tasks)})}function dt(e){if(!se(e)){ae(e).webSocket.close();return true}}function gt(u){var f=c(u,function(e){return ae(e).webSocket!=null});if(f){u.addEventListener(Qe(u)[0].trigger,function(e){var t=ae(f).webSocket;var r=vr(u,f);var n=ur(u,"post");var i=n.errors;var a=n.values;var o=Cr(u);var s=le(a,o);var l=dr(s,u);l["HEADERS"]=r;if(i&&i.length>0){ce(u,"htmx:validation:halted",i);return}t.send(JSON.stringify(l));if(it(e,u)){e.preventDefault()}})}else{fe(u,"htmx:noWebSocketSourceError")}}function mt(e){var t=Q.config.wsReconnectDelay;if(typeof t==="function"){return t(e)}if(t==="full-jitter"){var r=Math.min(e,6);var n=1e3*Math.pow(2,r);return n*Math.random()}x('htmx.config.wsReconnectDelay must either be a function or the string "full-jitter"')}function pt(e,t,r){var n=P(r);for(var i=0;i<n.length;i++){var a=n[i].split(/:(.+)/);if(a[0]==="connect"){yt(e,a[1])}if(a[0]==="swap"){xt(e,a[1])}}}function yt(t,e){var r=Q.createEventSource(e);r.onerror=function(e){fe(t,"htmx:sseError",{error:e,source:r});wt(t)};ae(t).sseEventSource=r}function xt(a,o){var s=c(a,St);if(s){var l=ae(s).sseEventSource;var u=function(e){if(wt(s)){return}if(!se(a)){l.removeEventListener(o,u);return}var t=e.data;T(a,function(e){t=e.transformResponse(t,null,a)});var r=mr(a);var n=ge(a);var i=R(a);Ue(r.swapStyle,n,a,t,i);Yt(i.tasks);ce(a,"htmx:sseMessage",e)};ae(a).sseListener=u;l.addEventListener(o,u)}else{fe(a,"htmx:noSSESourceError")}}function bt(e,t,r){var n=c(e,St);if(n){var i=ae(n).sseEventSource;var a=function(){if(!wt(n)){if(se(e)){t(e)}else{i.removeEventListener(r,a)}}};ae(e).sseListener=a;i.addEventListener(r,a)}else{fe(e,"htmx:noSSESourceError")}}function wt(e){if(!se(e)){ae(e).sseEventSource.close();return true}}function St(e){return ae(e).sseEventSource!=null}function Et(e,t,r,n){var i=function(){if(!r.loaded){r.loaded=true;t(e)}};if(n){setTimeout(i,n)}else{i()}}function Ct(t,i,e){var a=false;oe(b,function(r){if(o(t,"hx-"+r)){var n=te(t,"hx-"+r);a=true;i.path=n;i.verb=r;e.forEach(function(e){Tt(t,e,i,function(e,t){if(v(e,Q.config.disableSelector)){m(e);return}he(r,n,e,t)})})}});return a}function Tt(n,e,t,r){if(e.sseEvent){bt(n,r,e.sseEvent)}else if(e.trigger==="revealed"){ft();st(n,r,t,e);ct(n)}else if(e.trigger==="intersect"){var i={};if(e.root){i.root=ue(n,e.root)}if(e.threshold){i.threshold=parseFloat(e.threshold)}var a=new IntersectionObserver(function(e){for(var t=0;t<e.length;t++){var r=e[t];if(r.isIntersecting){ce(n,"intersect");break}}},i);a.observe(n);st(n,r,t,e)}else if(e.trigger==="load"){if(!ot(e,n,Vt("load",{elt:n}))){Et(n,r,t,e.delay)}}else if(e.pollInterval){t.polling=true;tt(n,r,e)}else{st(n,r,t,e)}}function Rt(e){if(Q.config.allowScriptTags&&(e.type==="text/javascript"||e.type==="module"||e.type==="")){var t=re().createElement("script");oe(e.attributes,function(e){t.setAttribute(e.name,e.value)});t.textContent=e.textContent;t.async=false;if(Q.config.inlineScriptNonce){t.nonce=Q.config.inlineScriptNonce}var r=e.parentElement;try{r.insertBefore(t,e)}catch(e){x(e)}finally{if(e.parentElement){e.parentElement.removeChild(e)}}}}function Ot(e){if(h(e,"script")){Rt(e)}oe(f(e,"script"),function(e){Rt(e)})}function qt(){return document.querySelector("[hx-boost], [data-hx-boost]")}function Ht(e){var t=null;var r=[];if(document.evaluate){var n=document.evaluate('//*[@*[ starts-with(name(), "hx-on:") or starts-with(name(), "data-hx-on:") ]]',e);while(t=n.iterateNext())r.push(t)}else{var i=document.getElementsByTagName("*");for(var a=0;a<i.length;a++){var o=i[a].attributes;for(var s=0;s<o.length;s++){var l=o[s].name;if(g(l,"hx-on:")||g(l,"data-hx-on:")){r.push(i[a])}}}}return r}function Lt(e){if(e.querySelectorAll){var t=qt()?", a":"";var r=e.querySelectorAll(w+t+", form, [type='submit'], [hx-sse], [data-hx-sse], [hx-ws],"+" [data-hx-ws], [hx-ext], [data-hx-ext], [hx-trigger], [data-hx-trigger], [hx-on], [data-hx-on]");return r}else{return[]}}function At(e){var t=v(e.target,"button, input[type='submit']");var r=It(e);if(r){r.lastButtonClicked=t}}function Nt(e){var t=It(e);if(t){t.lastButtonClicked=null}}function It(e){var t=v(e.target,"button, input[type='submit']");if(!t){return}var r=s("#"+ee(t,"form"))||v(t,"form");if(!r){return}return ae(r)}function kt(e){e.addEventListener("click",At);e.addEventListener("focusin",At);e.addEventListener("focusout",Nt)}function Pt(e){var t=Ge(e);var r=0;for(let e=0;e<t.length;e++){const n=t[e];if(n==="{"){r++}else if(n==="}"){r--}}return r}function Mt(t,e,r){var n=ae(t);if(!Array.isArray(n.onHandlers)){n.onHandlers=[]}var i;var a=function(e){return wr(t,function(){if(!i){i=new Function("event",r)}i.call(t,e)})};t.addEventListener(e,a);n.onHandlers.push({event:e,listener:a})}function Dt(e){var t=te(e,"hx-on");if(t){var r={};var n=t.split("\n");var i=null;var a=0;while(n.length>0){var o=n.shift();var s=o.match(/^\s*([a-zA-Z:\-\.]+:)(.*)/);if(a===0&&s){o.split(":");i=s[1].slice(0,-1);r[i]=s[2]}else{r[i]+=o}a+=Pt(o)}for(var l in r){Mt(e,l,r[l])}}}function Xt(t){Oe(t);for(var e=0;e<t.attributes.length;e++){var r=t.attributes[e].name;var n=t.attributes[e].value;if(g(r,"hx-on:")||g(r,"data-hx-on:")){let e=r.slice(r.indexOf(":")+1);if(g(e,":"))e="htmx"+e;Mt(t,e,n)}}}function Ut(t){if(v(t,Q.config.disableSelector)){m(t);return}var r=ae(t);if(r.initHash!==Re(t)){qe(t);r.initHash=Re(t);Dt(t);ce(t,"htmx:beforeProcessNode");if(t.value){r.lastValue=t.value}var e=Qe(t);var n=Ct(t,r,e);if(!n){if(ne(t,"hx-boost")==="true"){nt(t,r,e)}else if(o(t,"hx-trigger")){e.forEach(function(e){Tt(t,e,r,function(){})})}}if(t.tagName==="FORM"||ee(t,"type")==="submit"&&o(t,"form")){kt(t)}var i=te(t,"hx-sse");if(i){pt(t,r,i)}var a=te(t,"hx-ws");if(a){ht(t,r,a)}ce(t,"htmx:afterProcessNode")}}function Bt(e){e=s(e);if(v(e,Q.config.disableSelector)){m(e);return}Ut(e);oe(Lt(e),function(e){Ut(e)});oe(Ht(e),Xt)}function Ft(e){return e.replace(/([a-z0-9])([A-Z])/g,"$1-$2").toLowerCase()}function Vt(e,t){var r;if(window.CustomEvent&&typeof window.CustomEvent==="function"){r=new CustomEvent(e,{bubbles:true,cancelable:true,detail:t})}else{r=re().createEvent("CustomEvent");r.initCustomEvent(e,true,true,t)}return r}function fe(e,t,r){ce(e,t,le({error:t},r))}function jt(e){return e==="htmx:afterProcessNode"}function T(e,t){oe(Mr(e),function(e){try{t(e)}catch(e){x(e)}})}function x(e){if(console.error){console.error(e)}else if(console.log){console.log("ERROR: ",e)}}function ce(e,t,r){e=s(e);if(r==null){r={}}r["elt"]=e;var n=Vt(t,r);if(Q.logger&&!jt(t)){Q.logger(e,t,r)}if(r.error){x(r.error);ce(e,"htmx:error",{errorInfo:r})}var i=e.dispatchEvent(n);var a=Ft(t);if(i&&a!==t){var o=Vt(a,n.detail);i=i&&e.dispatchEvent(o)}T(e,function(e){i=i&&(e.onEvent(t,n)!==false&&!n.defaultPrevented)});return i}var _t=location.pathname+location.search;function zt(){var e=re().querySelector("[hx-history-elt],[data-hx-history-elt]");return e||re().body}function Wt(e,t,r,n){if(!M()){return}if(Q.config.historyCacheSize<=0){localStorage.removeItem("htmx-history-cache");return}e=D(e);var i=E(localStorage.getItem("htmx-history-cache"))||[];for(var a=0;a<i.length;a++){if(i[a].url===e){i.splice(a,1);break}}var o={url:e,content:t,title:r,scroll:n};ce(re().body,"htmx:historyItemCreated",{item:o,cache:i});i.push(o);while(i.length>Q.config.historyCacheSize){i.shift()}while(i.length>0){try{localStorage.setItem("htmx-history-cache",JSON.stringify(i));break}catch(e){fe(re().body,"htmx:historyCacheError",{cause:e,cache:i});i.shift()}}}function $t(e){if(!M()){return null}e=D(e);var t=E(localStorage.getItem("htmx-history-cache"))||[];for(var r=0;r<t.length;r++){if(t[r].url===e){return t[r]}}return null}function Gt(e){var t=Q.config.requestClass;var r=e.cloneNode(true);oe(f(r,"."+t),function(e){n(e,t)});return r.innerHTML}function Jt(){var e=zt();var t=_t||location.pathname+location.search;var r;try{r=re().querySelector('[hx-history="false" i],[data-hx-history="false" i]')}catch(e){r=re().querySelector('[hx-history="false"],[data-hx-history="false"]')}if(!r){ce(re().body,"htmx:beforeHistorySave",{path:t,historyElt:e});Wt(t,Gt(e),re().title,window.scrollY)}if(Q.config.historyEnabled)history.replaceState({htmx:true},re().title,window.location.href)}function Zt(e){if(Q.config.getCacheBusterParam){e=e.replace(/org\.htmx\.cache-buster=[^&]*&?/,"");if(_(e,"&")||_(e,"?")){e=e.slice(0,-1)}}if(Q.config.historyEnabled){history.pushState({htmx:true},"",e)}_t=e}function Kt(e){if(Q.config.historyEnabled)history.replaceState({htmx:true},"",e);_t=e}function Yt(e){oe(e,function(e){e.call()})}function Qt(a){var e=new XMLHttpRequest;var o={path:a,xhr:e};ce(re().body,"htmx:historyCacheMiss",o);e.open("GET",a,true);e.setRequestHeader("HX-History-Restore-Request","true");e.onload=function(){if(this.status>=200&&this.status<400){ce(re().body,"htmx:historyCacheMissLoad",o);var e=l(this.response);e=e.querySelector("[hx-history-elt],[data-hx-history-elt]")||e;var t=zt();var r=R(t);var n=Xe(this.response);if(n){var i=C("title");if(i){i.innerHTML=n}else{window.document.title=n}}Pe(t,e,r);Yt(r.tasks);_t=a;ce(re().body,"htmx:historyRestore",{path:a,cacheMiss:true,serverResponse:this.response})}else{fe(re().body,"htmx:historyCacheMissLoadError",o)}};e.send()}function er(e){Jt();e=e||location.pathname+location.search;var t=$t(e);if(t){var r=l(t.content);var n=zt();var i=R(n);Pe(n,r,i);Yt(i.tasks);document.title=t.title;setTimeout(function(){window.scrollTo(0,t.scroll)},0);_t=e;ce(re().body,"htmx:historyRestore",{path:e,item:t})}else{if(Q.config.refreshOnHistoryMiss){window.location.reload(true)}else{Qt(e)}}}function tr(e){var t=Y(e,"hx-indicator");if(t==null){t=[e]}oe(t,function(e){var t=ae(e);t.requestCount=(t.requestCount||0)+1;e.classList["add"].call(e.classList,Q.config.requestClass)});return t}function rr(e){var t=Y(e,"hx-disabled-elt");if(t==null){t=[]}oe(t,function(e){var t=ae(e);t.requestCount=(t.requestCount||0)+1;e.setAttribute("disabled","")});return t}function nr(e,t){oe(e,function(e){var t=ae(e);t.requestCount=(t.requestCount||0)-1;if(t.requestCount===0){e.classList["remove"].call(e.classList,Q.config.requestClass)}});oe(t,function(e){var t=ae(e);t.requestCount=(t.requestCount||0)-1;if(t.requestCount===0){e.removeAttribute("disabled")}})}function ir(e,t){for(var r=0;r<e.length;r++){var n=e[r];if(n.isSameNode(t)){return true}}return false}function ar(e){if(e.name===""||e.name==null||e.disabled){return false}if(e.type==="button"||e.type==="submit"||e.tagName==="image"||e.tagName==="reset"||e.tagName==="file"){return false}if(e.type==="checkbox"||e.type==="radio"){return e.checked}return true}function or(e,t,r){if(e!=null&&t!=null){var n=r[e];if(n===undefined){r[e]=t}else if(Array.isArray(n)){if(Array.isArray(t)){r[e]=n.concat(t)}else{n.push(t)}}else{if(Array.isArray(t)){r[e]=[n].concat(t)}else{r[e]=[n,t]}}}}function sr(t,r,n,e,i){if(e==null||ir(t,e)){return}else{t.push(e)}if(ar(e)){var a=ee(e,"name");var o=e.value;if(e.multiple&&e.tagName==="SELECT"){o=I(e.querySelectorAll("option:checked")).map(function(e){return e.value})}if(e.files){o=I(e.files)}or(a,o,r);if(i){lr(e,n)}}if(h(e,"form")){var s=e.elements;oe(s,function(e){sr(t,r,n,e,i)})}}function lr(e,t){if(e.willValidate){ce(e,"htmx:validation:validate");if(!e.checkValidity()){t.push({elt:e,message:e.validationMessage,validity:e.validity});ce(e,"htmx:validation:failed",{message:e.validationMessage,validity:e.validity})}}}function ur(e,t){var r=[];var n={};var i={};var a=[];var o=ae(e);if(o.lastButtonClicked&&!se(o.lastButtonClicked)){o.lastButtonClicked=null}var s=h(e,"form")&&e.noValidate!==true||te(e,"hx-validate")==="true";if(o.lastButtonClicked){s=s&&o.lastButtonClicked.formNoValidate!==true}if(t!=="get"){sr(r,i,a,v(e,"form"),s)}sr(r,n,a,e,s);if(o.lastButtonClicked||e.tagName==="BUTTON"||e.tagName==="INPUT"&&ee(e,"type")==="submit"){var l=o.lastButtonClicked||e;var u=ee(l,"name");or(u,l.value,i)}var f=Y(e,"hx-include");oe(f,function(e){sr(r,n,a,e,s);if(!h(e,"form")){oe(e.querySelectorAll(Ye),function(e){sr(r,n,a,e,s)})}});n=le(n,i);return{errors:a,values:n}}function fr(e,t,r){if(e!==""){e+="&"}if(String(r)==="[object Object]"){r=JSON.stringify(r)}var n=encodeURIComponent(r);e+=encodeURIComponent(t)+"="+n;return e}function cr(e){var t="";for(var r in e){if(e.hasOwnProperty(r)){var n=e[r];if(Array.isArray(n)){oe(n,function(e){t=fr(t,r,e)})}else{t=fr(t,r,n)}}}return t}function hr(e){var t=new FormData;for(var r in e){if(e.hasOwnProperty(r)){var n=e[r];if(Array.isArray(n)){oe(n,function(e){t.append(r,e)})}else{t.append(r,n)}}}return t}function vr(e,t,r){var n={"HX-Request":"true","HX-Trigger":ee(e,"id"),"HX-Trigger-Name":ee(e,"name"),"HX-Target":te(t,"id"),"HX-Current-URL":re().location.href};br(e,"hx-headers",false,n);if(r!==undefined){n["HX-Prompt"]=r}if(ae(e).boosted){n["HX-Boosted"]="true"}return n}function dr(t,e){var r=ne(e,"hx-params");if(r){if(r==="none"){return{}}else if(r==="*"){return t}else if(r.indexOf("not ")===0){oe(r.substr(4).split(","),function(e){e=e.trim();delete t[e]});return t}else{var n={};oe(r.split(","),function(e){e=e.trim();n[e]=t[e]});return n}}else{return t}}function gr(e){return ee(e,"href")&&ee(e,"href").indexOf("#")>=0}function mr(e,t){var r=t?t:ne(e,"hx-swap");var n={swapStyle:ae(e).boosted?"innerHTML":Q.config.defaultSwapStyle,swapDelay:Q.config.defaultSwapDelay,settleDelay:Q.config.defaultSettleDelay};if(Q.config.scrollIntoViewOnBoost&&ae(e).boosted&&!gr(e)){n["show"]="top"}if(r){var i=P(r);if(i.length>0){for(var a=0;a<i.length;a++){var o=i[a];if(o.indexOf("swap:")===0){n["swapDelay"]=d(o.substr(5))}else if(o.indexOf("settle:")===0){n["settleDelay"]=d(o.substr(7))}else if(o.indexOf("transition:")===0){n["transition"]=o.substr(11)==="true"}else if(o.indexOf("ignoreTitle:")===0){n["ignoreTitle"]=o.substr(12)==="true"}else if(o.indexOf("scroll:")===0){var s=o.substr(7);var l=s.split(":");var u=l.pop();var f=l.length>0?l.join(":"):null;n["scroll"]=u;n["scrollTarget"]=f}else if(o.indexOf("show:")===0){var c=o.substr(5);var l=c.split(":");var h=l.pop();var f=l.length>0?l.join(":"):null;n["show"]=h;n["showTarget"]=f}else if(o.indexOf("focus-scroll:")===0){var v=o.substr("focus-scroll:".length);n["focusScroll"]=v=="true"}else if(a==0){n["swapStyle"]=o}else{x("Unknown modifier in hx-swap: "+o)}}}}return n}function pr(e){return ne(e,"hx-encoding")==="multipart/form-data"||h(e,"form")&&ee(e,"enctype")==="multipart/form-data"}function yr(t,r,n){var i=null;T(r,function(e){if(i==null){i=e.encodeParameters(t,n,r)}});if(i!=null){return i}else{if(pr(r)){return hr(n)}else{return cr(n)}}}function R(e){return{tasks:[],elts:[e]}}function xr(e,t){var r=e[0];var n=e[e.length-1];if(t.scroll){var i=null;if(t.scrollTarget){i=ue(r,t.scrollTarget)}if(t.scroll==="top"&&(r||i)){i=i||r;i.scrollTop=0}if(t.scroll==="bottom"&&(n||i)){i=i||n;i.scrollTop=i.scrollHeight}}if(t.show){var i=null;if(t.showTarget){var a=t.showTarget;if(t.showTarget==="window"){a="body"}i=ue(r,a)}if(t.show==="top"&&(r||i)){i=i||r;i.scrollIntoView({block:"start",behavior:Q.config.scrollBehavior})}if(t.show==="bottom"&&(n||i)){i=i||n;i.scrollIntoView({block:"end",behavior:Q.config.scrollBehavior})}}}function br(e,t,r,n){if(n==null){n={}}if(e==null){return n}var i=te(e,t);if(i){var a=i.trim();var o=r;if(a==="unset"){return null}if(a.indexOf("javascript:")===0){a=a.substr(11);o=true}else if(a.indexOf("js:")===0){a=a.substr(3);o=true}if(a.indexOf("{")!==0){a="{"+a+"}"}var s;if(o){s=wr(e,function(){return Function("return ("+a+")")()},{})}else{s=E(a)}for(var l in s){if(s.hasOwnProperty(l)){if(n[l]==null){n[l]=s[l]}}}}return br(u(e),t,r,n)}function wr(e,t,r){if(Q.config.allowEval){return t()}else{fe(e,"htmx:evalDisallowedError");return r}}function Sr(e,t){return br(e,"hx-vars",true,t)}function Er(e,t){return br(e,"hx-vals",false,t)}function Cr(e){return le(Sr(e),Er(e))}function Tr(t,r,n){if(n!==null){try{t.setRequestHeader(r,n)}catch(e){t.setRequestHeader(r,encodeURIComponent(n));t.setRequestHeader(r+"-URI-AutoEncoded","true")}}}function Rr(t){if(t.responseURL&&typeof URL!=="undefined"){try{var e=new URL(t.responseURL);return e.pathname+e.search}catch(e){fe(re().body,"htmx:badResponseUrl",{url:t.responseURL})}}}function O(e,t){return e.getAllResponseHeaders().match(t)}function Or(e,t,r){e=e.toLowerCase();if(r){if(r instanceof Element||L(r,"String")){return he(e,t,null,null,{targetOverride:s(r),returnPromise:true})}else{return he(e,t,s(r.source),r.event,{handler:r.handler,headers:r.headers,values:r.values,targetOverride:s(r.target),swapOverride:r.swap,select:r.select,returnPromise:true})}}else{return he(e,t,null,null,{returnPromise:true})}}function qr(e){var t=[];while(e){t.push(e);e=e.parentElement}return t}function Hr(e,t,r){var n;var i;if(typeof URL==="function"){i=new URL(t,document.location.href);var a=document.location.origin;n=a===i.origin}else{i=t;n=g(t,document.location.origin)}if(Q.config.selfRequestsOnly){if(!n){return false}}return ce(e,"htmx:validateUrl",le({url:i,sameHost:n},r))}function he(t,r,n,i,a,e){var o=null;var s=null;a=a!=null?a:{};if(a.returnPromise&&typeof Promise!=="undefined"){var l=new Promise(function(e,t){o=e;s=t})}if(n==null){n=re().body}var M=a.handler||Ar;var D=a.select||null;if(!se(n)){ie(o);return l}var u=a.targetOverride||ge(n);if(u==null||u==ve){fe(n,"htmx:targetError",{target:te(n,"hx-target")});ie(s);return l}var f=ae(n);var c=f.lastButtonClicked;if(c){var h=ee(c,"formaction");if(h!=null){r=h}var v=ee(c,"formmethod");if(v!=null){if(v.toLowerCase()!=="dialog"){t=v}}}var d=ne(n,"hx-confirm");if(e===undefined){var X=function(e){return he(t,r,n,i,a,!!e)};var U={target:u,elt:n,path:r,verb:t,triggeringEvent:i,etc:a,issueRequest:X,question:d};if(ce(n,"htmx:confirm",U)===false){ie(o);return l}}var g=n;var m=ne(n,"hx-sync");var p=null;var y=false;if(m){var B=m.split(":");var F=B[0].trim();if(F==="this"){g=de(n,"hx-sync")}else{g=ue(n,F)}m=(B[1]||"drop").trim();f=ae(g);if(m==="drop"&&f.xhr&&f.abortable!==true){ie(o);return l}else if(m==="abort"){if(f.xhr){ie(o);return l}else{y=true}}else if(m==="replace"){ce(g,"htmx:abort")}else if(m.indexOf("queue")===0){var V=m.split(" ");p=(V[1]||"last").trim()}}if(f.xhr){if(f.abortable){ce(g,"htmx:abort")}else{if(p==null){if(i){var x=ae(i);if(x&&x.triggerSpec&&x.triggerSpec.queue){p=x.triggerSpec.queue}}if(p==null){p="last"}}if(f.queuedRequests==null){f.queuedRequests=[]}if(p==="first"&&f.queuedRequests.length===0){f.queuedRequests.push(function(){he(t,r,n,i,a)})}else if(p==="all"){f.queuedRequests.push(function(){he(t,r,n,i,a)})}else if(p==="last"){f.queuedRequests=[];f.queuedRequests.push(function(){he(t,r,n,i,a)})}ie(o);return l}}var b=new XMLHttpRequest;f.xhr=b;f.abortable=y;var w=function(){f.xhr=null;f.abortable=false;if(f.queuedRequests!=null&&f.queuedRequests.length>0){var e=f.queuedRequests.shift();e()}};var j=ne(n,"hx-prompt");if(j){var S=prompt(j);if(S===null||!ce(n,"htmx:prompt",{prompt:S,target:u})){ie(o);w();return l}}if(d&&!e){if(!confirm(d)){ie(o);w();return l}}var E=vr(n,u,S);if(t!=="get"&&!pr(n)){E["Content-Type"]="application/x-www-form-urlencoded"}if(a.headers){E=le(E,a.headers)}var _=ur(n,t);var C=_.errors;var T=_.values;if(a.values){T=le(T,a.values)}var z=Cr(n);var W=le(T,z);var R=dr(W,n);if(Q.config.getCacheBusterParam&&t==="get"){R["org.htmx.cache-buster"]=ee(u,"id")||"true"}if(r==null||r===""){r=re().location.href}var O=br(n,"hx-request");var $=ae(n).boosted;var q=Q.config.methodsThatUseUrlParams.indexOf(t)>=0;var H={boosted:$,useUrlParams:q,parameters:R,unfilteredParameters:W,headers:E,target:u,verb:t,errors:C,withCredentials:a.credentials||O.credentials||Q.config.withCredentials,timeout:a.timeout||O.timeout||Q.config.timeout,path:r,triggeringEvent:i};if(!ce(n,"htmx:configRequest",H)){ie(o);w();return l}r=H.path;t=H.verb;E=H.headers;R=H.parameters;C=H.errors;q=H.useUrlParams;if(C&&C.length>0){ce(n,"htmx:validation:halted",H);ie(o);w();return l}var G=r.split("#");var J=G[0];var L=G[1];var A=r;if(q){A=J;var Z=Object.keys(R).length!==0;if(Z){if(A.indexOf("?")<0){A+="?"}else{A+="&"}A+=cr(R);if(L){A+="#"+L}}}if(!Hr(n,A,H)){fe(n,"htmx:invalidPath",H);ie(s);return l}b.open(t.toUpperCase(),A,true);b.overrideMimeType("text/html");b.withCredentials=H.withCredentials;b.timeout=H.timeout;if(O.noHeaders){}else{for(var N in E){if(E.hasOwnProperty(N)){var K=E[N];Tr(b,N,K)}}}var I={xhr:b,target:u,requestConfig:H,etc:a,boosted:$,select:D,pathInfo:{requestPath:r,finalRequestPath:A,anchor:L}};b.onload=function(){try{var e=qr(n);I.pathInfo.responsePath=Rr(b);M(n,I);nr(k,P);ce(n,"htmx:afterRequest",I);ce(n,"htmx:afterOnLoad",I);if(!se(n)){var t=null;while(e.length>0&&t==null){var r=e.shift();if(se(r)){t=r}}if(t){ce(t,"htmx:afterRequest",I);ce(t,"htmx:afterOnLoad",I)}}ie(o);w()}catch(e){fe(n,"htmx:onLoadError",le({error:e},I));throw e}};b.onerror=function(){nr(k,P);fe(n,"htmx:afterRequest",I);fe(n,"htmx:sendError",I);ie(s);w()};b.onabort=function(){nr(k,P);fe(n,"htmx:afterRequest",I);fe(n,"htmx:sendAbort",I);ie(s);w()};b.ontimeout=function(){nr(k,P);fe(n,"htmx:afterRequest",I);fe(n,"htmx:timeout",I);ie(s);w()};if(!ce(n,"htmx:beforeRequest",I)){ie(o);w();return l}var k=tr(n);var P=rr(n);oe(["loadstart","loadend","progress","abort"],function(t){oe([b,b.upload],function(e){e.addEventListener(t,function(e){ce(n,"htmx:xhr:"+t,{lengthComputable:e.lengthComputable,loaded:e.loaded,total:e.total})})})});ce(n,"htmx:beforeSend",I);var Y=q?null:yr(b,n,R);b.send(Y);return l}function Lr(e,t){var r=t.xhr;var n=null;var i=null;if(O(r,/HX-Push:/i)){n=r.getResponseHeader("HX-Push");i="push"}else if(O(r,/HX-Push-Url:/i)){n=r.getResponseHeader("HX-Push-Url");i="push"}else if(O(r,/HX-Replace-Url:/i)){n=r.getResponseHeader("HX-Replace-Url");i="replace"}if(n){if(n==="false"){return{}}else{return{type:i,path:n}}}var a=t.pathInfo.finalRequestPath;var o=t.pathInfo.responsePath;var s=ne(e,"hx-push-url");var l=ne(e,"hx-replace-url");var u=ae(e).boosted;var f=null;var c=null;if(s){f="push";c=s}else if(l){f="replace";c=l}else if(u){f="push";c=o||a}if(c){if(c==="false"){return{}}if(c==="true"){c=o||a}if(t.pathInfo.anchor&&c.indexOf("#")===-1){c=c+"#"+t.pathInfo.anchor}return{type:f,path:c}}else{return{}}}function Ar(l,u){var f=u.xhr;var c=u.target;var e=u.etc;var t=u.requestConfig;var h=u.select;if(!ce(l,"htmx:beforeOnLoad",u))return;if(O(f,/HX-Trigger:/i)){Be(f,"HX-Trigger",l)}if(O(f,/HX-Location:/i)){Jt();var r=f.getResponseHeader("HX-Location");var v;if(r.indexOf("{")===0){v=E(r);r=v["path"];delete v["path"]}Or("GET",r,v).then(function(){Zt(r)});return}var n=O(f,/HX-Refresh:/i)&&"true"===f.getResponseHeader("HX-Refresh");if(O(f,/HX-Redirect:/i)){location.href=f.getResponseHeader("HX-Redirect");n&&location.reload();return}if(n){location.reload();return}if(O(f,/HX-Retarget:/i)){u.target=re().querySelector(f.getResponseHeader("HX-Retarget"))}var d=Lr(l,u);var i=f.status>=200&&f.status<400&&f.status!==204;var g=f.response;var a=f.status>=400;var m=Q.config.ignoreTitle;var o=le({shouldSwap:i,serverResponse:g,isError:a,ignoreTitle:m},u);if(!ce(c,"htmx:beforeSwap",o))return;c=o.target;g=o.serverResponse;a=o.isError;m=o.ignoreTitle;u.target=c;u.failed=a;u.successful=!a;if(o.shouldSwap){if(f.status===286){et(l)}T(l,function(e){g=e.transformResponse(g,f,l)});if(d.type){Jt()}var s=e.swapOverride;if(O(f,/HX-Reswap:/i)){s=f.getResponseHeader("HX-Reswap")}var v=mr(l,s);if(v.hasOwnProperty("ignoreTitle")){m=v.ignoreTitle}c.classList.add(Q.config.swappingClass);var p=null;var y=null;var x=function(){try{var e=document.activeElement;var t={};try{t={elt:e,start:e?e.selectionStart:null,end:e?e.selectionEnd:null}}catch(e){}var r;if(h){r=h}if(O(f,/HX-Reselect:/i)){r=f.getResponseHeader("HX-Reselect")}if(d.type){ce(re().body,"htmx:beforeHistoryUpdate",le({history:d},u));if(d.type==="push"){Zt(d.path);ce(re().body,"htmx:pushedIntoHistory",{path:d.path})}else{Kt(d.path);ce(re().body,"htmx:replacedInHistory",{path:d.path})}}var n=R(c);Ue(v.swapStyle,c,l,g,n,r);if(t.elt&&!se(t.elt)&&ee(t.elt,"id")){var i=document.getElementById(ee(t.elt,"id"));var a={preventScroll:v.focusScroll!==undefined?!v.focusScroll:!Q.config.defaultFocusScroll};if(i){if(t.start&&i.setSelectionRange){try{i.setSelectionRange(t.start,t.end)}catch(e){}}i.focus(a)}}c.classList.remove(Q.config.swappingClass);oe(n.elts,function(e){if(e.classList){e.classList.add(Q.config.settlingClass)}ce(e,"htmx:afterSwap",u)});if(O(f,/HX-Trigger-After-Swap:/i)){var o=l;if(!se(l)){o=re().body}Be(f,"HX-Trigger-After-Swap",o)}var s=function(){oe(n.tasks,function(e){e.call()});oe(n.elts,function(e){if(e.classList){e.classList.remove(Q.config.settlingClass)}ce(e,"htmx:afterSettle",u)});if(u.pathInfo.anchor){var e=re().getElementById(u.pathInfo.anchor);if(e){e.scrollIntoView({block:"start",behavior:"auto"})}}if(n.title&&!m){var t=C("title");if(t){t.innerHTML=n.title}else{window.document.title=n.title}}xr(n.elts,v);if(O(f,/HX-Trigger-After-Settle:/i)){var r=l;if(!se(l)){r=re().body}Be(f,"HX-Trigger-After-Settle",r)}ie(p)};if(v.settleDelay>0){setTimeout(s,v.settleDelay)}else{s()}}catch(e){fe(l,"htmx:swapError",u);ie(y);throw e}};var b=Q.config.globalViewTransitions;if(v.hasOwnProperty("transition")){b=v.transition}if(b&&ce(l,"htmx:beforeTransition",u)&&typeof Promise!=="undefined"&&document.startViewTransition){var w=new Promise(function(e,t){p=e;y=t});var S=x;x=function(){document.startViewTransition(function(){S();return w})}}if(v.swapDelay>0){setTimeout(x,v.swapDelay)}else{x()}}if(a){fe(l,"htmx:responseError",le({error:"Response Status Error Code "+f.status+" from "+u.pathInfo.requestPath},u))}}var Nr={};function Ir(){return{init:function(e){return null},onEvent:function(e,t){return true},transformResponse:function(e,t,r){return e},isInlineSwap:function(e){return false},handleSwap:function(e,t,r,n){return false},encodeParameters:function(e,t,r){return null}}}function kr(e,t){if(t.init){t.init(r)}Nr[e]=le(Ir(),t)}function Pr(e){delete Nr[e]}function Mr(e,r,n){if(e==undefined){return r}if(r==undefined){r=[]}if(n==undefined){n=[]}var t=te(e,"hx-ext");if(t){oe(t.split(","),function(e){e=e.replace(/ /g,"");if(e.slice(0,7)=="ignore:"){n.push(e.slice(7));return}if(n.indexOf(e)<0){var t=Nr[e];if(t&&r.indexOf(t)<0){r.push(t)}}})}return Mr(u(e),r,n)}function Dr(e){var t=function(){if(!e)return;e();e=null};if(re().readyState==="complete"){t()}else{re().addEventListener("DOMContentLoaded",function(){t()});re().addEventListener("readystatechange",function(){if(re().readyState!=="complete")return;t()})}}function Xr(){if(Q.config.includeIndicatorStyles!==false){re().head.insertAdjacentHTML("beforeend","<style>                      ."+Q.config.indicatorClass+"{opacity:0}                      ."+Q.config.requestClass+" ."+Q.config.indicatorClass+"{opacity:1; transition: opacity 200ms ease-in;}                      ."+Q.config.requestClass+"."+Q.config.indicatorClass+"{opacity:1; transition: opacity 200ms ease-in;}                    </style>")}}function Ur(){var e=re().querySelector('meta[name="htmx-config"]');if(e){return E(e.content)}else{return null}}function Br(){var e=Ur();if(e){Q.config=le(Q.config,e)}}Dr(function(){Br();Xr();var e=re().body;Bt(e);var t=re().querySelectorAll("[hx-trigger='restored'],[data-hx-trigger='restored']");e.addEventListener("htmx:abort",function(e){var t=e.target;var r=ae(t);if(r&&r.xhr){r.xhr.abort()}});var r=window.onpopstate;window.onpopstate=function(e){if(e.state&&e.state.htmx){er();oe(t,function(e){ce(e,"htmx:restored",{document:re(),triggerEvent:ce})})}else{if(r){r(e)}}};setTimeout(function(){ce(e,"htmx:load",{});e=null},0)});return Q}()});    // ]]>
</script></head>

<body>
    <div class="w-full bg-white p-3 sticky top-0 px-[5%] sm:px-[10%] flex shadow bordered justify-between z-1000">
    <b:section id="bagian-header">
        <b:widget id='Header1' locked='false' title='Aku Bertanya (Header)' type='Header'>
            <b:widget-settings>
                <b:widget-setting name='displayUrl' />
                <b:widget-setting name='displayHeight'>0</b:widget-setting>
                <b:widget-setting name='sectionWidth'>-1</b:widget-setting>
                <b:widget-setting name='useImage'>false</b:widget-setting>
                <b:widget-setting name='shrinkToFit'>false</b:widget-setting>
                <b:widget-setting name='imagePlacement'>BEHIND</b:widget-setting>
                <b:widget-setting name='displayWidth'>0</b:widget-setting>
            </b:widget-settings>
            <b:includable id='main'>
                <div class="flex items-center">
                    <a href="/" hx-boost="true" class="text-red-500 text-lg">
                        <data:title />
                    </a>
                </div>
            </b:includable>
        </b:widget>
    </b:section>

    <form class="hidden sm:block" hx-get="/search" hx-target="body" hx-push-url="true">
        <input placeholder="Cari apa?" type="search" class="focus:outline-none border p-1 px-2" name="q" id="" />
    </form>
</div>    <div class="min-h-screen py-5 grid grid-cols-4 gap-3 bg-gray-200 px-[5%] sm:px-[10%]">
    <style>
    /* <![CDATA[ */
    #bagian-kiri {
        grid-column: span 1/span 1;
        display: none;
    }

    @media (min-width: 640px) {

        #bagian-kiri {
            display: block;
        }
    }

    #PopularPosts4 {
        position: sticky;
        top: 5rem;
    }

    /* ]]> */
</style>
<b:section id="bagian-kiri">
                <b:widget id='PopularPosts1' locked='false' title='Postingan Populer' type='PopularPosts'>
            <b:widget-settings>
                <b:widget-setting name='numItemsToShow'>5</b:widget-setting>
                <b:widget-setting name='showThumbnails'>false</b:widget-setting>
                <b:widget-setting name='showSnippets'>false</b:widget-setting>
                <b:widget-setting name='timeRange'>
                    ALL_TIME                </b:widget-setting>
            </b:widget-settings>
            <b:includable id='main'>
                <div class="rounded mb-3  bordered overflow-hidden  shadow bg-white">
                    <b:loop values='data:posts' var='post'>
                        <a expr:href='data:post.href' hx-boost="true" class="block p-2 text-sm border-b last:border-b-none">
                            <data:post.title />
                        </a>
                    </b:loop>
                </div>
            </b:includable>
        </b:widget>
            <b:widget id='PopularPosts2' locked='false' title='Postingan Populer' type='PopularPosts'>
            <b:widget-settings>
                <b:widget-setting name='numItemsToShow'>5</b:widget-setting>
                <b:widget-setting name='showThumbnails'>false</b:widget-setting>
                <b:widget-setting name='showSnippets'>false</b:widget-setting>
                <b:widget-setting name='timeRange'>
                    LAST_YEAR                </b:widget-setting>
            </b:widget-settings>
            <b:includable id='main'>
                <div class="rounded mb-3  bordered overflow-hidden  shadow bg-white">
                    <b:loop values='data:posts' var='post'>
                        <a expr:href='data:post.href' hx-boost="true" class="block p-2 text-sm border-b last:border-b-none">
                            <data:post.title />
                        </a>
                    </b:loop>
                </div>
            </b:includable>
        </b:widget>
            <b:widget id='PopularPosts3' locked='false' title='Postingan Populer' type='PopularPosts'>
            <b:widget-settings>
                <b:widget-setting name='numItemsToShow'>5</b:widget-setting>
                <b:widget-setting name='showThumbnails'>false</b:widget-setting>
                <b:widget-setting name='showSnippets'>false</b:widget-setting>
                <b:widget-setting name='timeRange'>
                    LAST_MONTH                </b:widget-setting>
            </b:widget-settings>
            <b:includable id='main'>
                <div class="rounded mb-3  bordered overflow-hidden  shadow bg-white">
                    <b:loop values='data:posts' var='post'>
                        <a expr:href='data:post.href' hx-boost="true" class="block p-2 text-sm border-b last:border-b-none">
                            <data:post.title />
                        </a>
                    </b:loop>
                </div>
            </b:includable>
        </b:widget>
            <b:widget id='PopularPosts4' locked='false' title='Postingan Populer' type='PopularPosts'>
            <b:widget-settings>
                <b:widget-setting name='numItemsToShow'>5</b:widget-setting>
                <b:widget-setting name='showThumbnails'>false</b:widget-setting>
                <b:widget-setting name='showSnippets'>false</b:widget-setting>
                <b:widget-setting name='timeRange'>
                    LAST_WEEK                </b:widget-setting>
            </b:widget-settings>
            <b:includable id='main'>
                <div class="rounded mb-3  bordered overflow-hidden  shadow bg-white">
                    <b:loop values='data:posts' var='post'>
                        <a expr:href='data:post.href' hx-boost="true" class="block p-2 text-sm border-b last:border-b-none">
                            <data:post.title />
                        </a>
                    </b:loop>
                </div>
            </b:includable>
        </b:widget>
    </b:section>    <style>
    /* <![CDATA[ */
    .blog-pager a {
        --un-bg-opacity: 1;
        background-color: rgb(255 255 255 / var(--un-bg-opacity));
        /* px-3 */
        padding-left: 0.75rem;
        padding-right: 0.75rem;
        /* py-2 */
        padding-top: 0.5rem;
        padding-bottom: 0.5rem;
        border-radius: 0.25rem;
        --un-shadow: var(--un-shadow-inset) 0 1px 3px 0 var(--un-shadow-color, rgb(0 0 0 / 0.1)), var(--un-shadow-inset) 0 1px 2px -1px var(--un-shadow-color, rgb(0 0 0 / 0.1));
        box-shadow: var(--un-ring-offset-shadow), var(--un-ring-shadow), var(--un-shadow);
    }

    /* ]]> */
</style>

<div class="col-span-4 sm:col-span-2">
    <b:section id="konten">
        <b:widget id='Blog1' locked='false' title='Postingan Blog' type='Blog'>
            <b:widget-settings>
                <b:widget-setting name='showDateHeader'>true</b:widget-setting>
                <b:widget-setting name='style.textcolor'>#ffffff</b:widget-setting>
                <b:widget-setting name='showShareButtons'>false</b:widget-setting>
                <b:widget-setting name='showCommentLink'>true</b:widget-setting>
                <b:widget-setting name='style.urlcolor'>#ffffff</b:widget-setting>
                <b:widget-setting name='showAuthor'>true</b:widget-setting>
                <b:widget-setting name='style.linkcolor'>#ffffff</b:widget-setting>
                <b:widget-setting name='style.unittype'>TextAndImage</b:widget-setting>
                <b:widget-setting name='style.bgcolor'>#ffffff</b:widget-setting>
                <b:widget-setting name='reactionsLabel' />
                <b:widget-setting name='showAuthorProfile'>false</b:widget-setting>
                <b:widget-setting name='style.layout'>1x1</b:widget-setting>
                <b:widget-setting name='showLabels'>true</b:widget-setting>
                <b:widget-setting name='showLocation'>true</b:widget-setting>
                <b:widget-setting name='showTimestamp'>true</b:widget-setting>
                <b:widget-setting name='postsPerAd'>1</b:widget-setting>
                <b:widget-setting name='showBacklinks'>false</b:widget-setting>
                <b:widget-setting name='style.bordercolor'>#ffffff</b:widget-setting>
                <b:widget-setting name='showInlineAds'>false</b:widget-setting>
                <b:widget-setting name='showReactions'>false</b:widget-setting>
            </b:widget-settings>
            <b:includable id='main' var='top'>


                <b:if cond='data:blog.pageType != &quot;item&quot;'> <!-- Blog feed links -->
                    <b:loop values='data:posts' var='post'>
                        <a expr:href="data:post.url"
                            class="bg-white rounded shadow border block mb-3 last:mb-0 overflow-hidden [&amp;>*:not(.separator)]:pb-3 [&amp;>*:not(.separator)]:px-3 pt-3 [&amp;_img]:w-full"
                            hx-boost="true">
                            <p class="font-bold">
                                <data:post.title />
                            </p>
                            <p>
                                <data:post.snippet />
                            </p>
                            <b:if cond="data:post.thumbnailUrl">
                                <img class="separator" expr:src="resizeImage(data:post.thumbnailUrl, 350)"
                                    alt="Ini gambar cover" />
                            </b:if>
                        </a>
                    </b:loop>
                    <div hx-boost="true">
                        <b:include name="nextprev"></b:include>
                    </div>
                    <b:else></b:else>
                    <b:loop values='data:posts' var='post'>
                        <div expr:href="data:post.url"
                            class="bg-white rounded shadow border block mb-3 last:mb-0 overflow-hidden [&amp;>*:not(.separator)]:pb-3 [&amp;>*:not(.separator)]:px-3 pt-3 [&amp;_img]:w-full"
                            hx-boost="true">
                            <h1 class="font-bold">
                                <data:post.title />
                            </h1>
                            <data:post.body />
                            <!-- bagian komentar -->
                            <div class="[&amp;_img]:!w-auto">
                                <b:include data='post' name='threaded_comments' />
                            </div>
                        </div>
                    </b:loop>
                </b:if>

            </b:includable>
        </b:widget>
    </b:section>
</div>    <div class="col-span-1 hidden sm:block sticky top-20">
        <!-- nanti iklan ditaro di sini -->
        <b:section id="iklan"></b:section>
    </div>
    <div class="mx-auto col-span-4 pt-8 pb-4">
        <a href="https://mall-template.blogspot.com/2023/12/template-tanya-jawab.html" target="_blank"
            class="text-white rounded  bg-black px-3 py-2 text-sm inline-block">GUNAKAN TEMPLATE INI</a>
    </div>
</div>
</body>

</html>